HSCODE2,HSCODE4,HSCODE6,allNumber,number_2016
1,106,10619,35,1
3,303,30389,1001,0
5,508,50800,144,0
7,710,71080,152,0
7,712,71232,124,0
7,712,71239,249,0
7,713,71331,158,0
7,713,71332,135,0
8,805,80540,208,0
8,811,81190,123,0
8,811,81110,37,0
9,902,90230,1170,3
9,902,90210,787,1
9,904,90421,96,0
9,904,90412,245,0
9,906,90619,118,0
10,1006,100630,257,1
10,1006,100620,111,1
10,1008,100890,94,1
11,1103,110313,27,1
11,1106,110630,360,0
11,1108,110814,235,0
11,1108,110820,21,1
12,1201,120110,17,0
12,1211,121190,874,0
13,1302,130219,546,1
15,1505,150500,42,0
15,1509,150910,403,0
15,1515,151590,585,0
16,1602,160250,131,0
16,1602,160249,297,0
17,1701,170113,335,0
17,1701,170199,559,0
17,1702,170290,644,0
17,1704,170490,1491,1
18,1806,180620,167,0
18,1806,180690,492,0
18,1806,180631,392,0
19,1901,190190,1380,0
19,1902,190211,131,0
19,1902,190240,20,0
19,1902,190230,1204,2
19,1903,190300,547,0
19,1904,190410,666,0
19,1905,190531,1057,1
19,1905,190590,1821,1
20,2001,200110,184,1
20,2003,200390,247,0
20,2005,200551,261,0
20,2005,200599,656,0
20,2006,200600,597,0
20,2008,200819,897,0
20,2008,200899,1714,0
20,2008,200811,457,0
20,2009,200990,341,0
20,2009,200949,77,0
20,2009,200989,514,0
21,2101,210111,246,0
21,2101,210111,246,0
21,2101,210120,883,1
21,2101,210120,883,1
21,2101,210112,820,0
21,2101,210112,820,0
21,2103,210390,1654,0
21,2103,210310,969,1
21,2104,210420,219,1
21,2104,210410,875,0
21,2106,210690,4733,1
21,2106,210610,132,0
22,2202,220290,1429,0
22,2204,220429,159,1
22,2204,220421,1097,3
22,2204,220410,505,2
22,2208,220820,245,1
22,2209,220900,855,1
25,2504,250410,121,1
25,2504,250490,64,1
25,2506,250610,120,2
25,2506,250620,35,0
25,2507,250700,290,1
25,2508,250840,321,0
25,2513,251320,203,1
25,2518,251810,21,0
25,2519,251990,241,0
25,2520,252010,120,0
25,2526,252620,282,0
25,2529,252910,105,0
25,2530,253090,542,0
26,2619,261900,19,0
27,2706,270600,12,0
27,2710,271012,25,1
27,2710,271019,2212,18
27,2712,271290,301,1
28,2803,280300,416,3
28,2804,280430,86,2
28,2804,280461,374,4
28,2804,280470,53,1
28,2804,280440,88,1
28,2807,280700,82,1
28,2810,281000,134,1
28,2811,281122,558,3
28,2813,281390,14,1
28,2814,281420,56,1
28,2815,281512,63,0
28,2818,281820,519,4
28,2818,281810,92,1
28,2818,281830,152,3
28,2821,282110,210,2
28,2825,282580,83,1
28,2825,282590,207,2
28,2825,282560,130,2
28,2827,282731,64,1
28,2833,283319,89,0
28,2834,283429,93,0
28,2836,283692,20,0
28,2839,283919,110,1
28,2840,284020,58,1
28,2841,284190,150,2
28,2843,284330,39,1
28,2844,284440,85,3
28,2846,284690,97,0
28,2848,284800,67,1
28,2849,284990,150,1
28,2849,284920,244,2
28,2853,285300,272,4
29,2902,290290,126,2
29,2902,290219,99,2
29,2903,290339,186,2
29,2905,290511,117,1
29,2905,290559,82,3
29,2905,290549,120,1
29,2914,291440,83,2
29,2914,291411,87,1
29,2915,291570,331,0
29,2915,291521,84,0
29,2916,291614,197,1
29,2916,291619,64,0
29,2916,291611,77,1
29,2917,291739,147,1
29,2917,291720,87,2
29,2920,292090,205,2
29,2921,292129,123,1
29,2921,292151,78,1
29,2921,292149,82,1
29,2921,292159,125,1
29,2922,292229,84,1
29,2929,292910,202,1
29,2931,293190,458,2
29,2933,293379,155,2
29,2934,293499,354,3
29,2942,294200,370,4
30,3002,300290,121,2
30,3002,300210,141,2
30,3004,300490,550,1
30,3005,300510,353,1
30,3006,300650,77,3
31,3102,310210,121,2
32,3204,320414,275,3
32,3204,320419,436,4
32,3204,320490,176,2
32,3204,320416,150,0
32,3204,320420,170,1
32,3205,320500,76,1
32,3206,320649,902,7
32,3206,320650,225,1
32,3207,320740,195,2
32,3207,320710,229,1
32,3207,320730,426,7
32,3208,320810,229,3
32,3208,320890,1164,7
32,3208,320820,304,3
32,3209,320990,265,4
32,3209,320910,209,3
32,3210,321000,1255,5
32,3211,321100,244,5
32,3212,321290,840,5
32,3212,321210,275,4
32,3213,321390,282,0
32,3214,321490,344,2
32,3214,321410,1254,12
32,3215,321519,1513,14
32,3215,321511,662,6
32,3215,321590,669,8
33,3301,330130,169,0
33,3301,330190,480,0
33,3302,330290,413,1
33,3303,330300,716,1
33,3304,330410,1085,1
33,3304,330430,558,1
33,3304,330499,4093,11
33,3304,330420,1217,1
33,3304,330491,701,1
33,3305,330510,1679,0
33,3305,330590,1241,0
33,3306,330620,203,1
33,3306,330610,831,0
33,3307,330749,1545,3
33,3307,330730,1200,0
33,3307,330790,1841,2
34,3401,340111,1778,2
34,3401,340120,377,0
34,3401,340119,324,3
34,3401,340130,1548,1
34,3402,340211,321,3
34,3402,340219,611,0
34,3402,340290,2956,24
34,3402,340213,529,3
34,3402,340220,1588,11
34,3403,340319,3048,23
34,3403,340391,262,1
34,3403,340311,626,1
34,3403,340399,1880,17
34,3404,340490,1111,7
34,3405,340530,224,2
34,3405,340590,787,6
34,3405,340510,353,2
34,3405,340540,449,2
35,3504,350400,304,1
35,3506,350610,1495,18
35,3506,350699,3698,41
35,3506,350691,2255,27
37,3701,370199,70,1
37,3701,370110,57,1
37,3702,370242,31,1
37,3702,370256,18,1
37,3702,370244,46,1
37,3703,370390,67,2
37,3703,370320,47,0
37,3704,370400,43,1
37,3705,370510,25,2
37,3705,370590,379,15
37,3707,370710,122,2
37,3707,370790,639,8
38,3801,380190,243,6
38,3801,380130,24,1
38,3801,380110,206,3
38,3802,380210,487,0
38,3806,380610,87,1
38,3806,380690,158,0
38,3809,380991,717,2
38,3809,380992,117,0
38,3810,381010,470,10
38,3810,381090,490,9
38,3811,381121,100,2
38,3811,381190,347,4
38,3811,381129,416,2
38,3812,381230,703,4
38,3812,381220,277,3
38,3814,381400,964,11
38,3815,381519,97,1
38,3815,381512,114,1
38,3815,381590,751,8
38,3818,381800,1017,19
38,3819,381900,456,5
38,3820,382000,319,6
38,3821,382100,172,1
38,3822,382200,1168,10
38,3823,382370,66,1
38,3823,382319,122,0
38,3824,382450,42,1
38,3824,382490,7561,52
38,3824,382410,79,1
39,3901,390120,430,5
39,3901,390190,876,14
39,3901,390110,699,7
39,3901,390130,398,4
39,3902,390230,354,2
39,3902,390210,1169,8
39,3902,390290,381,2
39,3903,390311,343,12
39,3903,390320,140,1
39,3903,390390,465,4
39,3903,390319,478,6
39,3903,390330,731,18
39,3904,390421,101,2
39,3904,390422,257,8
39,3904,390440,118,2
39,3904,390490,71,1
39,3904,390410,361,3
39,3904,390469,199,6
39,3905,390599,182,0
39,3906,390610,371,5
39,3906,390690,1170,8
39,3907,390710,275,3
39,3907,390730,1123,6
39,3907,390760,211,1
39,3907,390720,770,4
39,3907,390791,373,5
39,3907,390799,878,8
39,3907,390740,854,10
39,3907,390770,79,0
39,3908,390890,648,5
39,3908,390810,621,6
39,3909,390930,301,0
39,3909,390950,946,8
39,3909,390920,145,1
39,3909,390940,336,0
39,3910,391000,2138,34
39,3911,391110,273,1
39,3911,391190,738,5
39,3912,391290,119,1
39,3912,391220,54,1
39,3912,391231,94,1
39,3913,391390,311,3
39,3914,391400,434,3
39,3915,391510,278,1
39,3915,391590,780,3
39,3916,391690,539,13
39,3917,391729,867,10
39,3917,391732,1526,13
39,3917,391723,197,2
39,3917,391739,3803,30
39,3917,391731,198,1
39,3917,391740,2772,24
39,3917,391733,656,4
39,3918,391810,466,2
39,3919,391990,6446,156
39,3919,391910,3158,74
39,3920,392010,1618,25
39,3920,392030,341,3
39,3920,392049,1046,7
39,3920,392020,1061,15
39,3920,392059,419,8
39,3920,392043,173,1
39,3920,392062,739,21
39,3920,392051,264,6
39,3920,392069,794,18
39,3920,392061,329,7
39,3920,392092,197,5
39,3920,392099,2059,32
39,3920,392063,109,3
39,3920,392091,76,1
39,3921,392112,361,7
39,3921,392114,98,4
39,3921,392111,187,4
39,3921,392190,6437,107
39,3921,392113,557,9
39,3921,392119,1084,16
39,3922,392220,347,0
39,3922,392290,1229,29
39,3922,392210,435,0
39,3923,392329,6340,129
39,3923,392330,3049,17
39,3923,392310,6739,152
39,3923,392350,3205,29
39,3923,392390,3508,100
39,3923,392340,548,9
39,3923,392321,1161,25
39,3924,392410,3828,19
39,3924,392490,3383,18
39,3925,392510,291,1
39,3925,392530,443,3
39,3925,392590,559,6
39,3925,392520,240,0
39,3926,392630,1432,25
39,3926,392640,2006,17
39,3926,392690,30697,446
39,3926,392610,1930,45
39,3926,392620,2023,9
40,4002,400280,31,0
40,4002,400219,600,3
40,4002,400299,988,19
40,4005,400510,120,2
40,4005,400591,227,2
40,4005,400520,23,1
40,4005,400599,88,1
40,4006,400690,537,6
40,4007,400700,114,1
40,4008,400829,175,4
40,4008,400811,281,7
40,4008,400821,968,9
40,4009,400911,845,4
40,4009,400921,279,2
40,4009,400931,281,3
40,4009,400912,363,3
40,4009,400941,374,3
40,4009,400922,334,3
40,4009,400932,184,2
40,4009,400942,744,6
40,4010,401019,1727,11
40,4010,401032,93,3
40,4010,401034,28,1
40,4010,401035,111,4
40,4010,401039,1569,15
40,4010,401033,76,2
40,4010,401031,313,3
40,4011,401110,426,2
40,4011,401150,479,1
40,4012,401219,45,0
40,4012,401290,388,1
40,4013,401320,348,0
40,4013,401390,258,1
40,4014,401490,246,1
40,4015,401590,227,0
40,4015,401519,949,7
40,4016,401691,504,7
40,4016,401692,260,1
40,4016,401693,6433,78
40,4016,401695,254,3
40,4016,401699,5899,96
40,4016,401694,77,1
40,4016,401610,459,19
40,4017,401700,4346,101
41,4104,410449,300,1
41,4115,411510,273,1
42,4202,420212,2633,43
42,4202,420221,1258,13
42,4202,420211,833,16
42,4202,420229,1189,32
42,4202,420231,1207,23
42,4202,420232,2279,34
42,4202,420239,1162,28
42,4202,420291,709,17
42,4202,420292,3196,47
42,4202,420299,1180,16
42,4202,420222,4085,54
42,4202,420219,1361,35
42,4203,420310,512,2
42,4203,420330,1171,11
42,4203,420340,302,5
42,4203,420329,591,4
42,4205,420500,1400,21
43,4302,430230,24,1
44,4410,441019,56,0
44,4410,441011,140,0
44,4413,441300,246,4
44,4414,441400,799,1
44,4415,441520,395,7
44,4415,441510,471,2
44,4417,441700,447,1
44,4418,441820,335,0
44,4420,442090,688,1
44,4420,442010,2072,3
44,4421,442190,4100,22
44,4421,442110,527,1
45,4503,450390,103,0
45,4504,450410,88,1
46,4601,460121,256,0
46,4602,460290,322,1
47,4701,470100,9,1
47,4706,470610,7,0
48,4801,480100,42,1
48,4802,480220,152,3
48,4802,480255,166,0
48,4802,480210,134,2
48,4802,480258,89,1
48,4802,480240,78,0
48,4802,480269,363,3
48,4802,480256,100,0
48,4802,480262,80,2
48,4803,480300,313,2
48,4804,480431,91,1
48,4804,480441,31,0
48,4804,480419,53,0
48,4804,480439,174,0
48,4805,480530,130,1
48,4805,480593,142,0
48,4805,480519,92,2
48,4805,480591,142,1
48,4808,480890,266,5
48,4808,480810,208,11
48,4809,480990,360,2
48,4810,481029,109,1
48,4810,481039,207,0
48,4810,481013,203,3
48,4810,481019,164,1
48,4810,481092,61,1
48,4811,481110,43,2
48,4811,481149,318,6
48,4811,481159,312,1
48,4811,481141,895,16
48,4811,481190,1116,17
48,4811,481151,110,1
48,4811,481160,130,0
48,4812,481200,169,3
48,4816,481690,313,3
48,4816,481620,30,0
48,4817,481720,310,5
48,4817,481730,768,25
48,4817,481710,532,10
48,4818,481820,845,5
48,4818,481850,236,1
48,4818,481810,273,2
48,4818,481830,307,2
48,4818,481890,749,5
48,4819,481910,7272,231
48,4819,481930,190,2
48,4819,481950,1269,49
48,4819,481920,7027,210
48,4819,481960,1047,45
48,4819,481940,2603,25
48,4820,482020,84,1
48,4820,482040,148,2
48,4820,482010,1951,44
48,4820,482090,462,23
48,4820,482030,364,6
48,4820,482050,336,6
48,4821,482190,2487,106
48,4821,482110,6975,220
48,4822,482210,89,0
48,4823,482320,767,14
48,4823,482361,230,2
48,4823,482370,509,11
48,4823,482390,6907,155
48,4823,482340,280,6
48,4823,482369,1099,8
49,4901,490199,3307,72
49,4901,490110,1297,42
49,4902,490290,478,12
49,4902,490210,86,0
49,4903,490300,265,2
49,4905,490591,44,0
49,4905,490599,157,3
49,4906,490600,197,20
49,4907,490700,157,13
49,4908,490890,469,6
49,4908,490810,84,1
49,4909,490900,566,11
49,4910,491000,1360,23
49,4911,491110,10063,241
49,4911,491199,3647,130
49,4911,491191,887,16
52,5205,520513,17,0
52,5205,520523,37,0
52,5205,520512,65,0
52,5205,520522,50,0
52,5206,520613,8,0
52,5206,520622,26,0
52,5206,520612,23,0
52,5206,520642,14,0
52,5206,520643,6,0
52,5206,520621,11,0
52,5206,520623,22,0
52,5208,520839,185,0
52,5208,520832,167,0
52,5209,520931,149,0
53,5308,530890,72,0
54,5401,540110,400,0
54,5402,540211,46,2
54,5402,540239,147,1
54,5402,540246,36,1
54,5402,540233,392,1
54,5402,540244,124,0
54,5403,540341,22,0
54,5404,540490,49,0
54,5406,540600,133,0
54,5407,540752,1341,1
54,5407,540792,709,0
54,5407,540730,99,0
54,5407,540772,378,1
55,5501,550110,205,7
55,5509,550921,68,0
55,5509,550942,22,0
55,5509,550953,76,0
55,5509,550922,59,0
55,5509,550959,163,0
55,5509,550951,52,0
55,5510,551011,34,0
55,5512,551211,64,0
55,5513,551321,41,0
55,5515,551519,522,0
55,5515,551511,169,0
55,5515,551599,292,2
56,5601,560121,562,0
56,5602,560290,171,2
56,5602,560221,106,1
56,5603,560314,331,3
56,5603,560392,322,2
56,5603,560311,755,6
56,5603,560394,1016,10
56,5603,560391,191,4
56,5603,560393,418,3
56,5604,560490,240,2
56,5604,560410,370,5
56,5605,560500,97,1
56,5606,560600,209,0
56,5607,560741,253,6
56,5607,560750,962,6
56,5607,560749,454,4
56,5607,560790,1169,10
56,5608,560819,498,6
56,5608,560890,498,6
56,5609,560900,904,8
57,5702,570299,91,1
57,5703,570330,145,1
57,5703,570320,132,3
57,5705,570500,830,5
58,5801,580190,35,0
58,5802,580220,76,1
58,5804,580410,645,2
58,5804,580430,89,1
58,5804,580429,330,0
58,5805,580500,53,0
58,5806,580610,342,3
58,5806,580631,404,5
58,5806,580639,1205,6
58,5806,580620,650,0
58,5806,580632,1631,9
58,5807,580790,935,6
58,5807,580710,753,10
58,5808,580890,291,5
58,5808,580810,911,9
58,5810,581099,381,1
58,5810,581092,374,2
59,5901,590190,131,2
59,5903,590310,1130,3
59,5903,590390,1318,7
59,5903,590320,1413,4
59,5906,590691,90,0
59,5906,590699,271,2
59,5906,590610,530,11
59,5907,590700,242,2
59,5910,591000,351,2
59,5911,591120,114,1
59,5911,591110,238,2
59,5911,591190,1649,20
60,6001,600122,203,0
60,6001,600192,538,0
60,6002,600240,461,3
60,6004,600490,518,1
60,6004,600410,805,4
60,6005,600532,471,1
60,6006,600622,345,0
60,6006,600632,1458,0
60,6006,600690,809,0
60,6006,600631,211,0
60,6006,600642,115,0
61,6101,610120,507,6
61,6101,610190,377,3
61,6101,610130,646,3
61,6102,610230,802,2
61,6102,610220,590,3
61,6102,610290,331,0
61,6103,610329,46,1
61,6103,610339,188,2
61,6103,610343,682,2
61,6103,610332,323,3
61,6103,610342,706,1
61,6104,610433,354,1
61,6104,610442,697,0
61,6104,610443,653,0
61,6104,610462,853,1
61,6104,610463,965,0
61,6104,610469,606,0
61,6104,610453,598,0
61,6104,610432,379,1
61,6105,610520,651,7
61,6105,610510,852,9
61,6106,610620,918,7
61,6106,610610,981,6
61,6107,610799,55,0
61,6108,610892,128,0
61,6109,610990,2053,27
61,6109,610910,2599,29
61,6110,611020,1177,6
61,6110,611030,1230,7
61,6111,611120,246,2
61,6113,611300,183,2
61,6114,611420,385,5
61,6114,611490,351,6
61,6115,611510,134,1
61,6115,611599,772,1
61,6115,611595,629,3
61,6116,611692,476,4
61,6116,611699,426,0
61,6116,611610,367,2
61,6116,611693,608,1
61,6117,611710,1184,4
61,6117,611790,768,2
61,6117,611780,763,4
62,6201,620113,594,3
62,6201,620193,847,5
62,6201,620111,223,1
62,6201,620119,259,2
62,6202,620213,757,1
62,6202,620293,835,4
62,6202,620212,508,1
62,6202,620299,274,1
62,6202,620219,368,1
62,6203,620331,191,0
62,6203,620332,427,4
62,6203,620333,508,11
62,6203,620341,203,1
62,6203,620342,903,1
62,6203,620343,954,3
62,6203,620339,360,6
62,6203,620329,51,1
62,6203,620349,482,1
62,6204,620432,515,2
62,6204,620439,472,2
62,6204,620453,753,1
62,6204,620433,589,3
62,6204,620463,1087,1
62,6204,620443,773,1
62,6205,620530,583,4
62,6205,620520,926,13
62,6205,620590,463,13
62,6206,620630,1091,6
62,6206,620690,706,2
62,6206,620640,987,5
62,6207,620799,307,2
62,6207,620791,238,3
62,6209,620920,243,1
62,6210,621010,229,0
62,6210,621040,388,7
62,6210,621050,435,2
62,6210,621030,122,3
62,6211,621133,497,3
62,6211,621142,548,2
62,6211,621132,331,2
62,6211,621149,327,3
62,6211,621139,221,6
62,6211,621143,677,4
62,6212,621210,404,1
62,6213,621320,307,1
62,6214,621420,470,3
62,6214,621440,284,1
62,6214,621410,415,2
62,6214,621490,1002,3
62,6214,621430,694,2
62,6215,621590,242,3
62,6215,621510,186,2
62,6216,621600,1501,6
62,6217,621790,1231,6
62,6217,621710,1458,5
63,6301,630120,186,3
63,6301,630190,356,2
63,6301,630110,74,1
63,6301,630140,547,1
63,6302,630239,238,1
63,6302,630251,270,0
63,6302,630231,428,0
63,6302,630260,884,6
63,6302,630291,403,1
63,6302,630293,412,4
63,6302,630299,298,2
63,6302,630259,317,3
63,6302,630240,88,2
63,6303,630399,312,2
63,6303,630312,138,1
63,6304,630499,353,1
63,6305,630520,233,0
63,6305,630533,276,5
63,6305,630590,716,18
63,6305,630532,114,1
63,6305,630539,343,5
63,6306,630619,413,5
63,6306,630622,330,2
63,6306,630630,35,0
63,6306,630690,224,2
63,6306,630629,255,3
63,6306,630612,389,1
63,6307,630710,1572,21
63,6307,630790,7073,78
63,6307,630720,313,1
63,6308,630800,171,3
63,6309,630900,261,1
63,6310,631010,178,1
64,6401,640199,198,0
64,6402,640291,286,1
64,6402,640299,1543,4
64,6402,640220,61,1
64,6403,640319,451,0
64,6403,640359,554,2
64,6403,640340,56,0
64,6403,640399,1022,2
64,6404,640411,507,0
64,6404,640419,1381,7
64,6405,640590,635,0
64,6406,640690,1376,1
64,6406,640610,615,1
65,6504,650400,328,2
65,6505,650500,2048,15
65,6506,650691,415,1
65,6506,650699,1614,11
65,6506,650610,882,5
65,6507,650700,448,2
66,6601,660110,273,2
66,6601,660199,854,5
66,6601,660191,823,6
66,6602,660200,287,1
66,6603,660320,106,1
66,6603,660390,482,5
67,6702,670210,361,0
68,6802,680221,217,1
68,6803,680300,150,1
68,6804,680421,956,1
68,6804,680422,1406,6
68,6804,680430,298,1
68,6804,680410,414,1
68,6804,680423,957,1
68,6805,680520,722,4
68,6805,680510,516,1
68,6805,680530,650,1
68,6806,680690,311,4
68,6809,680990,217,0
68,6809,680911,31,0
68,6810,681019,287,0
68,6811,681140,141,2
68,6812,681299,168,1
68,6814,681490,88,1
68,6814,681410,101,1
68,6815,681599,1164,10
68,6815,681510,528,5
69,6901,690100,130,0
69,6902,690210,69,0
69,6902,690290,183,1
69,6902,690220,161,1
69,6903,690320,241,0
69,6903,690310,161,1
69,6903,690390,468,1
69,6906,690600,148,1
69,6909,690919,851,10
69,6909,690912,447,5
69,6910,691010,535,0
69,6911,691190,640,4
69,6911,691110,1667,13
69,6912,691200,1764,12
69,6913,691310,856,3
69,6913,691390,823,2
69,6914,691410,786,7
69,6914,691490,1523,10
70,7001,700100,71,0
70,7002,700239,112,2
70,7002,700231,165,2
70,7003,700330,18,1
70,7003,700319,75,0
70,7004,700490,61,1
70,7005,700521,52,3
70,7005,700510,115,4
70,7005,700529,151,2
70,7006,700600,541,11
70,7007,700719,529,15
70,7007,700729,137,1
70,7007,700711,237,2
70,7007,700721,170,2
70,7009,700991,503,10
70,7009,700992,1536,6
70,7009,700910,1221,4
70,7010,701090,1582,4
70,7011,701190,79,2
70,7013,701328,370,2
70,7013,701337,972,7
70,7013,701342,393,0
70,7013,701349,1173,5
70,7013,701391,271,2
70,7013,701341,98,1
70,7013,701310,513,5
70,7013,701399,1722,13
70,7014,701400,334,12
70,7015,701590,292,9
70,7017,701710,215,3
70,7017,701790,394,5
70,7018,701890,330,1
70,7019,701939,201,2
70,7019,701951,44,0
70,7019,701990,885,10
70,7019,701932,93,0
70,7019,701959,313,1
70,7020,702000,2700,43
71,7102,710229,62,1
71,7102,710229,62,1
71,7104,710490,468,2
71,7104,710420,100,1
71,7106,710691,77,3
71,7106,710692,249,8
71,7106,710610,117,3
71,7108,710813,239,6
71,7108,710812,121,2
71,7109,710900,22,1
71,7110,711021,47,1
71,7110,711029,81,3
71,7113,711311,410,1
71,7113,711320,354,1
71,7113,711319,592,3
71,7114,711419,155,4
71,7114,711411,301,4
71,7114,711420,141,2
71,7115,711590,281,2
71,7115,711590,281,2
71,7116,711620,537,1
71,7117,711790,1191,10
71,7117,711719,1280,9
71,7117,711711,209,3
72,7202,720299,173,2
72,7203,720390,69,3
72,7205,720529,242,0
72,7205,720521,140,1
72,7208,720854,108,1
72,7208,720826,63,0
72,7209,720918,115,0
72,7209,720917,207,1
72,7209,720990,71,1
72,7210,721020,92,3
72,7210,721070,190,2
72,7210,721030,145,1
72,7211,721114,55,2
72,7211,721123,93,2
72,7211,721113,12,0
72,7211,721190,95,3
72,7212,721210,31,0
72,7212,721250,60,1
72,7212,721220,68,3
72,7214,721491,32,1
72,7216,721610,41,1
72,7216,721661,26,1
72,7216,721699,91,1
72,7216,721621,32,1
72,7217,721790,254,5
72,7217,721710,265,0
72,7217,721720,99,0
72,7218,721899,872,7
72,7219,721922,145,1
72,7219,721932,139,1
72,7219,721914,145,0
72,7219,721935,230,2
72,7219,721924,113,3
72,7219,721933,298,2
72,7220,722020,330,4
72,7220,722090,302,1
72,7220,722012,86,1
72,7222,722240,181,1
72,7222,722230,540,0
72,7222,722220,207,1
72,7223,722300,673,2
72,7224,722490,119,2
72,7225,722519,51,1
72,7225,722511,27,1
72,7225,722540,261,1
72,7226,722619,56,2
72,7226,722699,155,3
72,7226,722692,95,2
72,7228,722860,353,3
73,7302,730210,122,1
73,7302,730290,72,0
73,7304,730431,126,2
73,7304,730441,230,1
73,7304,730451,100,2
73,7304,730459,112,1
73,7304,730490,603,2
73,7304,730449,527,1
73,7304,730439,222,2
73,7305,730531,90,0
73,7306,730630,182,3
73,7306,730690,1117,8
73,7306,730619,97,1
73,7306,730640,374,0
73,7307,730721,503,5
73,7307,730723,177,1
73,7307,730719,615,4
73,7307,730791,932,4
73,7307,730792,1220,3
73,7307,730793,182,1
73,7307,730799,2217,9
73,7307,730729,1531,7
73,7307,730722,736,3
73,7308,730890,1594,6
73,7308,730830,601,3
73,7309,730900,477,2
73,7310,731010,729,9
73,7310,731029,1134,11
73,7310,731021,91,1
73,7311,731100,570,4
73,7312,731290,278,4
73,7312,731210,943,4
73,7314,731419,944,4
73,7314,731439,180,2
73,7314,731449,687,1
73,7314,731414,154,4
73,7314,731442,39,0
73,7315,731512,329,3
73,7315,731511,802,3
73,7315,731589,1439,9
73,7317,731700,1306,4
73,7318,731812,426,3
73,7318,731814,1146,14
73,7318,731811,302,4
73,7318,731816,5400,70
73,7318,731819,3443,72
73,7318,731821,1395,14
73,7318,731822,3945,43
73,7318,731823,1168,13
73,7318,731824,1816,13
73,7318,731829,1913,25
73,7318,731815,10065,172
73,7318,731813,432,12
73,7319,731940,1122,23
73,7319,731990,1072,14
73,7320,732010,1193,17
73,7320,732090,4320,56
73,7320,732020,2058,20
73,7321,732119,429,2
73,7321,732181,144,0
73,7321,732111,364,0
73,7322,732219,508,52
73,7322,732211,85,15
73,7322,732290,274,26
73,7323,732310,303,0
73,7323,732393,2837,8
73,7323,732392,225,1
73,7323,732399,2554,12
73,7324,732410,321,0
73,7324,732490,899,3
73,7324,732421,46,0
73,7325,732599,940,9
73,7325,732591,66,0
73,7326,732620,1510,15
73,7326,732619,273,2
73,7326,732690,21694,272
74,7403,740311,78,1
74,7403,740322,53,1
74,7403,740321,111,0
74,7403,740329,112,2
74,7406,740610,158,1
74,7407,740729,374,5
74,7407,740710,220,5
74,7408,740829,373,6
74,7408,740819,341,7
74,7409,740919,224,7
74,7409,740929,114,4
74,7409,740939,69,3
74,7409,740990,370,6
74,7409,740931,69,0
74,7409,740911,130,4
74,7410,741011,249,7
74,7410,741021,329,6
74,7410,741012,125,2
74,7410,741022,41,1
74,7411,741110,372,3
74,7411,741122,46,0
74,7411,741129,350,2
74,7411,741121,145,1
74,7412,741220,1456,10
74,7412,741210,141,0
74,7413,741300,281,4
74,7415,741510,169,3
74,7415,741529,294,5
74,7415,741539,374,10
74,7415,741521,415,4
74,7415,741533,877,24
74,7418,741820,324,0
74,7418,741810,452,2
74,7419,741991,180,3
74,7419,741999,4896,75
74,7419,741910,108,1
75,7504,750400,100,1
75,7505,750521,45,1
75,7505,750512,142,2
75,7506,750610,164,5
75,7506,750620,253,5
75,7508,750890,525,12
76,7601,760120,398,4
76,7601,760110,182,1
76,7602,760200,251,1
76,7603,760310,84,4
76,7604,760429,463,4
76,7604,760410,395,1
76,7605,760529,123,1
76,7605,760519,114,1
76,7606,760612,337,2
76,7606,760691,361,3
76,7606,760611,269,2
76,7606,760692,276,2
76,7607,760711,314,7
76,7607,760720,369,7
76,7607,760719,347,1
76,7608,760810,447,1
76,7609,760900,633,4
76,7610,761090,762,13
76,7610,761010,544,1
76,7611,761100,54,0
76,7612,761290,811,11
76,7612,761210,86,2
76,7613,761300,143,2
76,7615,761510,1245,4
76,7616,761699,9309,157
76,7616,761610,1074,10
78,7804,780419,72,0
78,7806,780600,368,1
79,7901,790120,232,6
79,7905,790500,152,1
79,7907,790700,1635,23
80,8001,800110,75,1
80,8001,800120,64,1
80,8003,800300,348,10
80,8007,800700,661,10
81,8101,810194,60,1
81,8101,810199,607,7
81,8101,810110,56,1
81,8102,810296,53,2
81,8102,810294,10,1
81,8102,810299,177,1
81,8104,810490,121,3
81,8105,810590,96,3
81,8105,810520,70,1
81,8108,810890,808,5
81,8108,810820,66,1
81,8112,811299,748,20
81,8112,811229,156,3
82,8201,820150,279,1
82,8201,820190,397,2
82,8201,820110,325,1
82,8202,820220,298,1
82,8202,820291,179,2
82,8202,820210,433,1
82,8202,820239,369,1
82,8202,820299,969,3
82,8203,820310,532,4
82,8203,820330,485,6
82,8203,820340,554,4
82,8203,820320,2094,27
82,8204,820420,1306,10
82,8204,820411,1969,13
82,8204,820412,1818,12
82,8205,820510,743,2
82,8205,820530,368,0
82,8205,820551,1559,10
82,8205,820520,855,5
82,8205,820560,121,2
82,8205,820540,1768,35
82,8205,820590,993,15
82,8205,820559,7779,89
82,8205,820570,2324,23
82,8206,820600,1001,12
82,8207,820740,499,2
82,8207,820750,1363,6
82,8207,820760,222,4
82,8207,820770,770,3
82,8207,820780,216,3
82,8207,820790,2335,28
82,8207,820720,679,7
82,8207,820730,1924,29
82,8208,820810,1417,5
82,8208,820830,442,0
82,8208,820820,407,2
82,8208,820890,3687,27
82,8209,820900,618,6
82,8211,821193,413,6
82,8211,821194,1718,10
82,8211,821192,1089,6
82,8212,821210,268,0
82,8213,821300,1979,11
82,8214,821420,531,1
82,8214,821410,555,4
82,8214,821490,1173,4
82,8215,821599,1036,3
83,8301,830120,701,7
83,8301,830140,2149,44
83,8301,830110,361,11
83,8301,830160,1228,19
83,8301,830130,370,12
83,8301,830170,1020,25
83,8301,830150,209,8
83,8302,830220,913,6
83,8302,830241,927,9
83,8302,830210,1451,17
83,8302,830249,3703,129
83,8302,830230,676,7
83,8302,830242,1687,32
83,8302,830250,2195,71
83,8303,830300,395,6
83,8304,830400,447,13
83,8305,830510,252,5
83,8305,830590,496,10
83,8305,830520,385,1
83,8306,830630,612,5
83,8306,830621,282,4
83,8306,830629,1468,9
83,8307,830790,401,3
83,8307,830710,642,6
83,8308,830820,185,2
83,8308,830810,1564,10
83,8308,830890,1973,25
83,8309,830990,803,9
83,8310,831000,1342,21
83,8311,831120,171,1
83,8311,831190,668,12
83,8311,831130,399,2
84,8402,840290,210,1
84,8402,840212,68,0
84,8403,840390,26,1
84,8404,840490,263,2
84,8404,840410,511,3
84,8405,840590,66,1
84,8405,840510,84,0
84,8406,840690,107,1
84,8407,840710,28,1
84,8407,840790,284,2
84,8407,840734,292,2
84,8408,840820,299,2
84,8408,840890,428,1
84,8408,840810,156,0
84,8409,840999,2447,14
84,8409,840991,2368,13
84,8410,841090,192,7
84,8411,841199,146,4
84,8412,841229,539,4
84,8412,841239,333,5
84,8412,841221,1601,7
84,8412,841290,1557,13
84,8412,841231,2371,11
84,8412,841280,876,12
84,8413,841320,600,4
84,8413,841350,903,7
84,8413,841319,674,5
84,8413,841370,1240,8
84,8413,841381,5612,23
84,8413,841382,365,2
84,8413,841391,2904,12
84,8413,841392,568,3
84,8413,841360,1180,6
84,8413,841330,1245,4
84,8414,841420,1227,5
84,8414,841440,435,2
84,8414,841410,2642,14
84,8414,841459,4595,173
84,8414,841430,564,8
84,8414,841480,5144,34
84,8414,841451,728,13
84,8414,841490,5109,66
84,8414,841460,383,5
84,8415,841520,107,3
84,8415,841582,269,1
84,8415,841510,252,3
84,8415,841590,1110,11
84,8415,841581,56,1
84,8415,841583,205,4
84,8416,841620,360,2
84,8416,841610,157,1
84,8416,841690,468,3
84,8417,841710,260,2
84,8417,841790,430,8
84,8417,841780,382,6
84,8418,841830,118,1
84,8418,841840,138,2
84,8418,841869,2758,29
84,8418,841891,217,3
84,8418,841899,1234,13
84,8418,841850,463,4
84,8418,841821,196,2
84,8419,841940,162,1
84,8419,841960,74,4
84,8419,841939,1662,12
84,8419,841990,2295,15
84,8419,841950,1278,14
84,8419,841989,2482,30
84,8420,842091,287,1
84,8420,842099,201,2
84,8420,842010,316,2
84,8421,842112,103,0
84,8421,842121,2095,8
84,8421,842129,2300,12
84,8421,842119,587,1
84,8421,842139,3345,32
84,8421,842123,1199,5
84,8421,842199,6385,43
84,8421,842131,989,7
84,8421,842191,362,1
84,8422,842230,1931,10
84,8422,842290,1706,8
84,8422,842219,85,1
84,8422,842240,2489,20
84,8423,842310,565,6
84,8423,842330,370,5
84,8423,842382,551,6
84,8423,842320,221,3
84,8423,842390,447,4
84,8423,842381,638,6
84,8423,842389,90,0
84,8424,842420,1636,10
84,8424,842481,474,2
84,8424,842410,270,2
84,8424,842490,2285,11
84,8424,842430,715,1
84,8424,842489,1301,6
84,8425,842519,333,1
84,8425,842549,490,3
84,8425,842539,180,1
84,8426,842649,99,0
84,8426,842619,184,1
84,8426,842699,244,3
84,8427,842710,631,4
84,8427,842790,401,4
84,8428,842810,352,0
84,8428,842839,1838,11
84,8428,842890,1373,15
84,8428,842833,687,4
84,8430,843049,157,0
84,8431,843131,644,2
84,8431,843139,1694,7
84,8431,843143,269,1
84,8431,843110,516,4
84,8431,843149,1103,3
84,8432,843280,419,2
84,8432,843290,380,1
84,8433,843390,408,3
84,8434,843410,10,0
84,8435,843590,148,0
84,8436,843699,224,1
84,8436,843680,324,1
84,8437,843790,142,1
84,8437,843780,255,2
84,8438,843890,732,3
84,8438,843880,1160,1
84,8441,844110,569,3
84,8441,844180,495,1
84,8441,844140,44,0
84,8441,844190,574,2
84,8442,844230,203,1
84,8442,844250,367,4
84,8442,844240,134,1
84,8443,844331,212,8
84,8443,844339,729,37
84,8443,844319,1516,42
84,8443,844399,2081,65
84,8443,844332,963,68
84,8443,844391,1109,19
84,8447,844712,133,1
84,8447,844720,216,1
84,8448,844820,412,2
84,8448,844839,655,1
84,8448,844851,258,0
84,8448,844833,353,1
84,8448,844849,838,1
84,8448,844859,781,3
84,8450,845011,148,1
84,8450,845090,171,3
84,8450,845020,147,4
84,8451,845130,167,0
84,8451,845150,475,0
84,8451,845180,461,1
84,8451,845129,93,2
84,8451,845190,670,0
84,8452,845210,229,1
84,8452,845230,246,0
84,8452,845229,656,1
84,8452,845290,914,2
84,8453,845380,320,1
84,8453,845390,439,0
84,8454,845490,395,0
84,8455,845530,223,1
84,8456,845690,691,7
84,8456,845610,904,15
84,8456,845630,313,3
84,8457,845710,942,5
84,8457,845730,37,2
84,8458,845811,442,1
84,8458,845899,745,2
84,8458,845891,698,0
84,8459,845961,256,2
84,8459,845970,475,2
84,8459,845931,66,1
84,8459,845969,640,2
84,8460,846021,235,2
84,8460,846031,83,1
84,8460,846040,897,3
84,8460,846090,1395,4
84,8460,846029,329,2
84,8460,846019,196,1
84,8461,846140,207,2
84,8461,846190,551,4
84,8461,846150,1518,4
84,8462,846221,317,2
84,8462,846231,73,0
84,8462,846210,516,3
84,8462,846249,544,2
84,8462,846229,710,4
84,8462,846299,1076,9
84,8462,846291,480,2
84,8462,846241,142,1
84,8463,846390,607,5
84,8463,846310,150,2
84,8464,846420,258,0
84,8464,846410,105,1
84,8464,846490,421,2
84,8465,846592,400,2
84,8465,846595,605,1
84,8465,846599,1405,8
84,8465,846593,1037,1
84,8465,846596,468,5
84,8466,846620,1719,15
84,8466,846691,527,2
84,8466,846692,2512,10
84,8466,846693,6317,59
84,8466,846694,3500,20
84,8466,846630,459,2
84,8466,846610,878,5
84,8467,846719,1033,4
84,8467,846722,279,2
84,8467,846711,1313,10
84,8467,846789,517,8
84,8467,846721,449,6
84,8467,846792,1190,11
84,8467,846729,1605,18
84,8467,846799,1544,14
84,8467,846791,99,1
84,8468,846820,158,3
84,8468,846890,288,1
84,8468,846810,57,0
84,8468,846880,292,3
84,8470,847021,17,1
84,8470,847030,134,5
84,8470,847010,252,16
84,8470,847090,202,25
84,8470,847029,112,2
84,8470,847050,218,35
84,8471,847141,1655,158
84,8471,847150,1187,123
84,8471,847160,2577,249
84,8471,847170,3025,234
84,8471,847180,2457,221
84,8471,847190,2693,253
84,8471,847149,1307,152
84,8471,847130,1577,136
84,8472,847210,65,2
84,8472,847290,1074,31
84,8473,847310,135,20
84,8473,847329,426,72
84,8473,847340,484,31
84,8473,847321,211,37
84,8473,847350,1988,283
84,8473,847330,9342,556
84,8474,847439,408,1
84,8474,847480,185,0
84,8474,847410,577,1
84,8474,847420,453,1
84,8474,847490,852,2
84,8475,847529,69,1
84,8475,847590,155,3
84,8476,847689,119,1
84,8476,847690,194,4
84,8477,847710,1029,17
84,8477,847740,436,3
84,8477,847780,1761,14
84,8477,847720,560,4
84,8477,847790,2943,24
84,8477,847759,517,14
84,8479,847950,971,13
84,8479,847981,804,14
84,8479,847920,69,0
84,8479,847989,6962,85
84,8479,847960,137,0
84,8479,847982,2638,9
84,8479,847990,6713,64
84,8480,848010,200,5
84,8480,848030,497,12
84,8480,848049,2188,27
84,8480,848020,780,10
84,8480,848060,103,1
84,8480,848071,1915,39
84,8480,848079,1840,24
84,8480,848041,1202,14
84,8480,848050,50,0
84,8481,848120,3249,14
84,8481,848140,1920,6
84,8481,848110,1213,7
84,8481,848190,5011,22
84,8481,848130,2542,12
84,8481,848180,9015,36
84,8482,848220,567,5
84,8482,848240,924,6
84,8482,848210,3722,19
84,8482,848280,3629,15
84,8482,848291,715,5
84,8482,848299,1890,12
84,8482,848250,1087,5
84,8482,848230,581,3
84,8483,848310,3358,16
84,8483,848330,1643,12
84,8483,848350,2348,14
84,8483,848320,514,4
84,8483,848390,5115,21
84,8483,848340,5147,38
84,8483,848360,2802,23
84,8484,848420,1364,7
84,8484,848490,3842,43
84,8484,848410,1150,11
84,8486,848620,959,14
84,8486,848640,498,10
84,8486,848610,243,1
84,8486,848630,242,8
84,8486,848690,2853,41
84,8487,848790,8436,67
85,8501,850120,651,8
85,8501,850132,1201,12
85,8501,850110,4082,52
85,8501,850134,216,3
85,8501,850131,2911,30
85,8501,850151,1614,13
85,8501,850152,2367,13
85,8501,850153,529,5
85,8501,850161,424,3
85,8501,850162,132,1
85,8501,850164,100,2
85,8501,850133,317,7
85,8501,850140,2380,16
85,8503,850300,3082,32
85,8504,850421,126,8
85,8504,850431,4429,176
85,8504,850410,541,4
85,8504,850433,378,8
85,8504,850423,36,2
85,8504,850440,12030,436
85,8504,850450,5518,223
85,8504,850490,3579,202
85,8504,850434,303,19
85,8504,850432,452,13
85,8505,850511,1452,28
85,8505,850520,576,6
85,8505,850519,1193,23
85,8505,850590,2496,63
85,8506,850610,281,14
85,8506,850650,1137,79
85,8506,850690,431,34
85,8506,850640,42,2
85,8506,850680,905,47
85,8507,850720,631,19
85,8507,850730,239,10
85,8507,850750,343,22
85,8507,850760,1046,79
85,8507,850780,2911,142
85,8507,850740,41,4
85,8507,850710,275,4
85,8507,850790,722,50
85,8508,850811,366,5
85,8508,850860,504,8
85,8508,850870,378,6
85,8508,850819,188,3
85,8509,850990,747,9
85,8509,850980,1427,11
85,8509,850940,746,3
85,8510,851030,135,0
85,8510,851090,121,1
85,8510,851010,139,0
85,8511,851130,956,12
85,8511,851150,420,3
85,8511,851110,520,3
85,8511,851190,840,7
85,8511,851140,761,3
85,8511,851180,257,4
85,8512,851230,483,10
85,8512,851290,1314,7
85,8512,851220,1942,9
85,8512,851240,536,2
85,8513,851390,165,4
85,8513,851310,1262,20
85,8514,851410,597,14
85,8514,851440,491,8
85,8514,851430,706,9
85,8514,851490,1011,14
85,8515,851511,435,9
85,8515,851521,218,6
85,8515,851580,1357,23
85,8515,851519,810,19
85,8515,851590,1257,17
85,8515,851531,260,1
85,8516,851629,593,10
85,8516,851631,211,1
85,8516,851610,372,2
85,8516,851650,166,1
85,8516,851660,1351,3
85,8516,851671,599,5
85,8516,851633,58,0
85,8516,851679,1518,12
85,8516,851680,1096,23
85,8516,851690,1766,15
85,8516,851672,143,0
85,8516,851621,32,1
85,8517,851712,495,36
85,8517,851761,195,26
85,8517,851762,4838,305
85,8517,851769,1922,173
85,8517,851770,4559,302
85,8517,851718,866,34
85,8517,851711,52,4
85,8518,851810,1058,61
85,8518,851822,694,34
85,8518,851830,1685,106
85,8518,851821,905,50
85,8518,851850,586,20
85,8518,851829,1556,82
85,8518,851890,1898,82
85,8518,851840,618,18
85,8519,851950,10,0
85,8519,851981,297,18
85,8519,851920,12,0
85,8519,851930,114,3
85,8519,851989,290,12
85,8521,852110,78,5
85,8521,852190,896,68
85,8522,852210,27,1
85,8522,852290,657,35
85,8523,852321,140,12
85,8523,852341,346,37
85,8523,852351,3257,256
85,8523,852329,592,29
85,8523,852359,230,24
85,8523,852380,578,34
85,8523,852349,4153,159
85,8523,852352,776,53
85,8525,852560,485,68
85,8525,852550,291,34
85,8525,852580,2806,151
85,8526,852610,161,4
85,8526,852692,647,49
85,8526,852691,555,46
85,8527,852721,91,4
85,8527,852791,141,10
85,8527,852713,63,3
85,8527,852799,131,7
85,8527,852792,17,0
85,8527,852729,47,0
85,8528,852849,296,27
85,8528,852859,1180,85
85,8528,852841,184,30
85,8528,852869,309,17
85,8528,852851,985,90
85,8528,852872,405,15
85,8528,852861,141,8
85,8528,852871,513,59
85,8529,852990,4927,290
85,8529,852910,2269,141
85,8530,853090,141,4
85,8530,853080,111,4
85,8531,853120,4658,238
85,8531,853180,1706,63
85,8531,853110,959,28
85,8531,853190,1770,102
85,8532,853210,192,10
85,8532,853222,1126,74
85,8532,853224,1342,87
85,8532,853221,836,62
85,8532,853229,1947,113
85,8532,853223,503,34
85,8532,853290,426,20
85,8532,853225,715,39
85,8532,853230,808,39
85,8533,853321,1725,89
85,8533,853329,1130,53
85,8533,853339,295,8
85,8533,853340,2480,107
85,8533,853390,459,18
85,8533,853331,210,9
85,8533,853310,356,22
85,8534,853400,5534,306
85,8535,853510,277,16
85,8535,853529,89,2
85,8535,853540,299,11
85,8535,853521,148,2
85,8535,853590,514,22
85,8535,853530,216,8
85,8536,853630,1252,40
85,8536,853641,2636,56
85,8536,853649,2203,38
85,8536,853620,1167,25
85,8536,853661,499,8
85,8536,853669,7182,305
85,8536,853670,958,78
85,8536,853650,8828,210
85,8536,853610,2272,89
85,8536,853690,9880,352
85,8537,853710,7888,171
85,8537,853720,860,27
85,8538,853810,1931,104
85,8538,853890,6217,202
85,8539,853922,241,5
85,8539,853929,1595,16
85,8539,853910,936,16
85,8539,853932,366,4
85,8539,853939,1683,30
85,8539,853941,177,5
85,8539,853931,442,0
85,8539,853990,1036,21
85,8539,853921,752,10
85,8539,853949,1834,31
85,8540,854020,56,4
85,8540,854060,23,1
85,8540,854011,32,2
85,8540,854081,65,4
85,8540,854089,298,8
85,8540,854040,54,5
85,8540,854071,103,2
85,8541,854121,902,62
85,8541,854130,572,23
85,8541,854110,2970,163
85,8541,854150,1248,95
85,8541,854129,2331,148
85,8541,854190,2204,99
85,8541,854140,5076,219
85,8541,854160,1302,108
85,8542,854232,1959,167
85,8542,854239,6788,371
85,8542,854290,1538,107
85,8542,854231,4152,239
85,8542,854233,1338,51
85,8543,854310,26,2
85,8543,854330,380,6
85,8543,854390,2909,127
85,8543,854320,690,26
85,8543,854370,4804,146
85,8544,854419,3063,162
85,8544,854430,680,8
85,8544,854411,890,50
85,8544,854449,4516,235
85,8544,854420,4444,274
85,8544,854470,1360,82
85,8544,854442,9616,441
85,8544,854460,485,23
85,8545,854519,297,3
85,8545,854590,194,4
85,8545,854520,663,3
85,8546,854620,216,2
85,8546,854610,36,2
85,8546,854690,623,20
85,8547,854710,265,3
85,8547,854790,566,12
85,8547,854720,558,23
85,8548,854890,3900,193
86,8607,860729,324,1
86,8607,860730,291,5
86,8607,860719,51,1
86,8607,860721,60,2
86,8607,860799,83,2
86,8608,860800,200,3
87,8701,870120,28,1
87,8703,870321,104,2
87,8703,870323,886,3
87,8703,870332,69,3
87,8703,870322,66,1
87,8703,870333,60,2
87,8703,870324,766,4
87,8704,870490,43,0
87,8704,870422,32,1
87,8704,870421,59,1
87,8705,870530,22,1
87,8706,870600,26,1
87,8707,870790,148,0
87,8707,870710,103,1
87,8708,870821,279,3
87,8708,870830,1532,5
87,8708,870810,1028,3
87,8708,870850,964,6
87,8708,870829,2371,15
87,8708,870880,1271,8
87,8708,870840,1666,4
87,8708,870892,974,3
87,8708,870893,887,4
87,8708,870894,948,5
87,8708,870895,134,2
87,8708,870899,4911,29
87,8708,870870,1404,3
87,8708,870891,1060,34
87,8709,870919,296,3
87,8709,870990,262,2
87,8711,871190,332,1
87,8712,871200,1262,8
87,8713,871390,97,3
87,8714,871420,295,2
87,8714,871492,953,1
87,8714,871493,572,3
87,8714,871494,1152,4
87,8714,871495,601,0
87,8714,871496,966,4
87,8714,871499,2621,14
87,8714,871410,1886,6
87,8714,871491,1084,5
87,8715,871500,300,2
87,8716,871640,63,1
87,8716,871690,821,6
87,8716,871680,1983,9
88,8801,880100,38,0
88,8802,880211,4,0
88,8803,880310,75,1
88,8803,880330,138,3
89,8903,890391,19,1
90,9001,900120,356,12
90,9001,900140,86,2
90,9001,900110,469,16
90,9001,900190,956,29
90,9001,900130,87,1
90,9001,900150,443,8
90,9002,900219,1599,62
90,9002,900290,1310,45
90,9002,900211,707,24
90,9002,900220,586,19
90,9003,900319,575,2
90,9003,900390,414,3
90,9003,900311,621,4
90,9004,900490,1411,23
90,9004,900410,1128,7
90,9005,900590,181,2
90,9005,900510,211,1
90,9006,900661,102,3
90,9006,900691,816,31
90,9006,900659,441,20
90,9006,900669,124,4
90,9006,900699,464,21
90,9007,900791,182,6
90,9008,900890,77,5
90,9008,900850,67,2
90,9010,901050,137,2
90,9010,901060,194,5
90,9010,901010,35,2
90,9010,901090,130,5
90,9011,901110,156,3
90,9011,901110,156,3
90,9011,901180,812,19
90,9011,901180,812,19
90,9011,901120,91,5
90,9011,901120,91,5
90,9011,901190,339,10
90,9011,901190,339,10
90,9012,901210,142,6
90,9012,901210,142,6
90,9012,901290,127,3
90,9012,901290,127,3
90,9013,901310,80,4
90,9013,901380,2943,179
90,9013,901390,1772,131
90,9013,901320,611,25
90,9014,901480,153,1
90,9014,901490,228,5
90,9014,901410,246,1
90,9015,901530,408,5
90,9015,901580,1730,25
90,9015,901510,189,4
90,9015,901540,33,1
90,9015,901590,611,7
90,9016,901600,291,3
90,9017,901730,1768,19
90,9017,901790,473,3
90,9017,901720,345,4
90,9017,901780,1986,10
90,9018,901812,93,1
90,9018,901813,16,1
90,9018,901820,88,0
90,9018,901831,165,5
90,9018,901839,345,3
90,9018,901819,197,2
90,9018,901850,116,0
90,9018,901890,1875,23
90,9018,901849,420,3
90,9018,901811,63,1
90,9019,901910,989,6
90,9019,901920,167,3
90,9020,902000,446,3
90,9022,902214,33,1
90,9022,902219,398,14
90,9022,902290,186,6
90,9022,902212,20,1
90,9022,902230,159,3
90,9023,902300,1264,41
90,9024,902410,1074,16
90,9024,902490,850,10
90,9024,902480,1751,34
90,9025,902519,2459,24
90,9025,902590,1155,14
90,9025,902511,454,3
90,9025,902580,1791,28
90,9026,902620,3402,29
90,9026,902680,2722,32
90,9026,902690,2341,21
90,9026,902610,2427,17
90,9027,902720,237,6
90,9027,902750,1210,21
90,9027,902710,958,12
90,9027,902790,2495,32
90,9027,902730,751,13
90,9027,902780,3373,46
90,9028,902820,312,3
90,9028,902890,185,1
90,9028,902810,223,2
90,9028,902830,125,3
90,9029,902920,1374,16
90,9029,902990,563,11
90,9029,902910,767,15
90,9030,903020,615,34
90,9030,903032,383,14
90,9030,903010,86,1
90,9030,903039,1413,36
90,9030,903031,537,15
90,9030,903082,842,28
90,9030,903033,1742,42
90,9030,903089,2478,87
90,9030,903040,1010,59
90,9030,903090,3963,121
90,9030,903084,922,32
90,9031,903120,565,23
90,9031,903149,3165,72
90,9031,903110,282,3
90,9031,903190,3430,61
90,9031,903141,374,6
90,9031,903180,3454,65
90,9032,903220,204,5
90,9032,903289,4169,74
90,9032,903210,1902,25
90,9032,903290,1922,38
90,9032,903281,744,9
90,9033,903300,3837,113
91,9101,910191,70,1
91,9101,910199,80,2
91,9101,910129,251,7
91,9101,910119,406,14
91,9102,910211,371,6
91,9102,910219,189,11
91,9102,910229,182,3
91,9102,910212,168,8
91,9102,910299,53,2
91,9102,910221,137,1
91,9102,910291,88,3
91,9103,910310,92,0
91,9104,910400,75,2
91,9105,910519,118,2
91,9105,910591,614,6
91,9105,910599,348,6
91,9105,910511,285,1
91,9105,910521,490,2
91,9106,910690,489,10
91,9106,910610,656,6
91,9107,910700,323,3
91,9108,910811,57,2
91,9108,910820,23,0
91,9109,910910,78,1
91,9109,910910,78,1
91,9110,911090,32,0
91,9111,911180,61,1
91,9111,911190,67,2
91,9113,911390,363,12
91,9113,911320,158,1
91,9114,911490,463,9
92,9205,920590,246,1
92,9208,920890,290,1
92,9208,920810,184,2
92,9209,920999,418,1
92,9209,920994,136,2
94,9401,940130,311,4
94,9401,940169,2086,6
94,9401,940120,447,2
94,9401,940179,1613,14
94,9401,940161,1174,3
94,9401,940190,1404,6
94,9401,940180,2465,11
94,9401,940171,858,9
94,9402,940290,388,2
94,9402,940210,451,2
94,9403,940320,3402,37
94,9403,940340,524,0
94,9403,940310,891,20
94,9403,940360,4072,17
94,9403,940330,732,7
94,9403,940389,1893,14
94,9403,940350,1047,1
94,9403,940390,2612,20
94,9403,940370,1115,10
94,9404,940430,275,1
94,9404,940490,2572,6
94,9404,940421,387,0
94,9404,940429,897,0
94,9405,940520,1251,16
94,9405,940550,922,11
94,9405,940510,1197,11
94,9405,940591,446,3
94,9405,940540,5736,79
94,9405,940599,1877,24
94,9405,940560,586,5
94,9405,940592,638,10
94,9406,940600,297,2
95,9503,950300,3693,32
95,9504,950430,336,4
95,9504,950440,388,4
95,9504,950490,749,16
95,9504,950420,116,1
95,9504,950450,192,16
95,9505,950590,636,3
95,9505,950510,436,2
95,9506,950632,234,3
95,9506,950662,311,6
95,9506,950629,386,1
95,9506,950699,1678,5
95,9506,950639,418,6
95,9506,950691,2009,10
95,9507,950730,171,1
96,9601,960190,270,0
96,9603,960329,1068,1
96,9603,960340,584,4
96,9603,960321,745,2
96,9603,960390,2281,11
96,9603,960330,657,2
96,9603,960350,1287,8
96,9605,960500,284,1
96,9606,960610,534,3
96,9606,960629,731,6
96,9606,960630,143,2
96,9606,960621,725,4
96,9607,960720,579,1
96,9607,960719,1226,1
96,9608,960820,625,8
96,9608,960840,394,4
96,9608,960810,1856,50
96,9608,960860,289,6
96,9608,960830,1745,75
96,9608,960899,610,23
96,9608,960850,230,6
96,9608,960891,164,4
96,9609,960920,234,2
96,9609,960990,439,7
96,9609,960910,812,4
96,9610,961000,412,5
96,9611,961100,450,5
96,9612,961220,209,1
96,9612,961210,678,22
96,9613,961380,492,5
96,9613,961310,31,1
96,9615,961519,823,0
96,9615,961511,686,0
96,9616,961620,404,1
96,9616,961610,670,2
96,9617,961700,1069,13
96,9618,961800,752,8
96,9619,961900,559,1
97,9703,970300,444,1
98,9899,989900,111962,841
